﻿<?xml version="1.0"?>
<doc>
<assembly>
<name>
pdfsecondmonitor
</name>
</assembly>
<members>
<member name="T:pdfsecondmonitor.My.Resources.Resources">
<summary>
  ローカライズされた文字列などを検索するための、厳密に型指定されたリソース クラスです。
</summary>
</member>
<member name="P:pdfsecondmonitor.My.Resources.Resources.ResourceManager">
<summary>
  このクラスで使用されているキャッシュされた ResourceManager インスタンスを返します。
</summary>
</member>
<member name="P:pdfsecondmonitor.My.Resources.Resources.Culture">
<summary>
  厳密に型指定されたこのリソース クラスを使用して、すべての検索リソースに対し、
  現在のスレッドの CurrentUICulture プロパティをオーバーライドします。
</summary>
</member>
<member name="M:pdfsecondmonitor.frmOperation.cmbView_SelectedIndexChanged(System.Object,System.EventArgs)">
 <summary>
 ページのおさまり表示の変更
 </summary>
 <param name="sender"></param>
 <param name="e"></param>
</member>
<member name="M:pdfsecondmonitor.frmOperation.btnFileClose_Click(System.Object,System.EventArgs)">
 <summary>
 PDFを閉じる
 </summary>
 <param name="sender"></param>
 <param name="e"></param>
</member>
<member name="T:pdfsecondmonitor.UserControl1">
<summary>
UserControl1
</summary>
</member>
<member name="M:pdfsecondmonitor.UserControl1.InitializeComponent">
<summary>
InitializeComponent
</summary>
</member>
</members>
</doc>
